data_len,Func_LP,Func_MVC,EWMA,Speed(G),Speed+Acc(G),Median,IMR,Speed(L),Speed+Acc(L)
0.05,0.8979947689625107,0.8946837631465206,0.16375653375955765,0.8669423240033927,0.8982567965618813,0.41326877149930985,0.7020911459988559,0.8065323435843054,0.7328414418568904
0.1,0.9131303045431852,0.9117968052386148,0.2766149698558711,0.8821778663681292,0.9139072847682119,0.5705980066445182,0.6496094428050686,0.8826522238634499,0.8123401053423628
0.15000000000000002,0.9229546985371583,0.9190753424657534,0.35971241985120167,0.8905654683315101,0.9219447460489806,0.6616198556660815,0.6319572608062166,0.9113422651244072,0.8481728650031596
0.2,0.9235379237043961,0.9211673082542464,0.43328824325119086,0.8931989994829731,0.925544569652473,0.7148231753197892,0.6286285922153511,0.9250647287645875,0.8569154091097883
0.25,0.9267309780339097,0.9232440035993918,0.49131347223123684,0.894085752039003,0.9282603713041485,0.7587894896208324,0.6131874719016934,0.9378961751440871,0.8755695223176334
0.3,0.9270371903373815,0.9249901544654969,0.5360145704947481,0.8953035245215484,0.9282379114163363,0.7813556593141202,0.6337526941005464,0.9419625311148959,0.8753111563702194
0.35000000000000003,0.9321127243804682,0.9281779906524008,0.5739488413404829,0.8962219277681513,0.9334880967219246,0.8035484768580476,0.6626616676210954,0.9475667868920828,0.8863140460159147
