data_len,Speed(L),Speed(G),Speed+Acc(L),Speed+Acc(G),IMR,EWMA,Median,Func_LP
0.05,0.586886649363019,0.79417616826495,0.35856048351944747,0.9601039888754781,0.2519333818763829,0.8173164089368763,0.6164841811435968,0.9530414125310939
0.1,0.589093484279251,0.7918958085041652,0.3599799519831406,0.9574555910373358,0.2843110711483565,0.8468573923783562,0.6274984348636596,0.948074478209361
0.15000000000000002,0.5876948573137587,0.7917999618639111,0.35846560409969475,0.959912034123705,0.33093491238924455,0.8489302368303068,0.624547980303831,0.9495224704861318
0.2,0.5880615740042003,0.7920914188837442,0.35803746508693723,0.9594092529936666,0.3941082111261671,0.8552592342077728,0.62485202934343,0.94837730753832
0.25,0.5893340424541176,0.7968527605756539,0.35981230560200095,0.9590586510940853,0.4492259482790322,0.8567345189015001,0.627236799723984,0.9490611036747887
0.3,0.5880046813481691,0.7917272670605646,0.35926344372416286,0.9598622980607625,0.5297469022264154,0.860364952655498,0.6276618248391812,0.9501216834904511
0.35000000000000003,0.5877950657969354,0.7901694561411187,0.35944225046253153,0.959775119860793,0.5751464554937621,0.8621729633657536,0.6273802114995852,0.9475766138976237
