,data_len,Speed(L),Speed(G),Speed+Acc(L),Speed+Acc(G),IMR,EWMA,Median,Func_LP
0,5000.0,0.7240727160446176,0.9266513497989661,0.7318492088116662,0.9159673395327739,0.9471671530643051,0.15986160951906733,0.4711151109968287,0.8640136602950245
