,data_len,Speed(L),Speed(G),Speed+Acc(L),Speed+Acc(G),IMR,EWMA,Median,Func_LP
0,0.05,1.0016107792506113,0.3862051512000021,2.2278660611966314,0.07674611253424761,0.8886715352573783,0.376590988685351,0.5907641208900843,0.09235398899244109
1,0.1,0.9998605350778313,0.38229540687184616,2.234845557893484,0.07375699414431929,0.8583063427229781,0.3208413643072488,0.5900192410640133,0.08843011462273472
2,0.15000000000000002,0.9981230050454835,0.39381950921858344,2.214037824791142,0.07544394468763513,0.8086048474744987,0.30159532478775714,0.6006059440061192,0.09194584040955686
3,0.2,0.9978757106381981,0.39018326079918464,2.2273406524244437,0.07824693542006526,0.7779796838194943,0.29118247167923744,0.5915217238309554,0.09433812564198997
4,0.25,0.9980161355535565,0.39265217385665646,2.2368261169447528,0.0760820196029116,0.7130180728054549,0.2793536215185923,0.5896607869563446,0.0967612591025603
5,0.3,0.9977144531330243,0.3919407724298084,2.230656252596699,0.08168803202073173,0.6793131657157704,0.2756053502383614,0.590393800846013,0.0997397830912666
6,0.35000000000000003,0.9982879296176278,0.3938362904718545,2.223935909035111,0.08085379896967075,0.5917264020201867,0.27067803436396726,0.5903847944054871,0.09923009234172336
