,data_len,Speed(L),Speed(G),Speed+Acc(L),Speed+Acc(G),IMR,EWMA,Median,Func_LP
0,0.35000000000000003,0.5896903216600138,0.7921992735348544,0.35983471747074036,0.9585328685390628,0.5875434740420701,0.863690381892998,0.6255757620308999,0.9485742550234554
