,data_len,Speed(L),Speed(G),Speed+Acc(L),Speed+Acc(G),IMR,EWMA,Median,Func_LP
0,20000.0,0.5879669093230429,0.7923698336879947,0.3655475427497493,0.7935725569487769,0.6586530006484121,0.8398330541388921,0.6188616000645104,0.9515312807240529
