,data_len,Speed(L),Speed(G),Speed+Acc(L),Speed+Acc(G),IMR,EWMA,Median,Func_LP
0,5000.0,0.5882162658372931,0.7955169826119853,0.3644418024699375,0.796601423123183,0.2510835195712293,0.8412399260992964,0.6221848276413923,0.951370425040159
