,data_len,Speed(L),Speed(G),Speed+Acc(L),Speed+Acc(G),IMR,EWMA,Median,Func_LP
0,20000.0,0.6851526755746369,0.9130863640847154,0.7057097888747125,0.8999222697240575,0.9995022027528188,0.16267919767991296,0.4809460100988304,0.8469119276218612
