,data_len,Speed(L),Speed(G),Speed+Acc(L),Speed+Acc(G),IMR,EWMA,Median,Func_LP
0,0.1,4.442092499992214,25.764595999909943,8.590651099997558,33.56734110004072,114.0302763000036,0.05731180000475433,3.1308460000000196,13.773196399908556
