,data_len,Speed(L),Speed(G),Speed+Acc(L),Speed+Acc(G),IMR,EWMA,Median,Func_LP
0,5000.0,0.8371076058097766,0.8883321403006442,0.8443708609271522,0.8839881799277661,0.6525009532392804,0.27506388761688116,0.5204279695119064,0.9109138642330291
