,data_len,Speed(L),Speed(G),Speed+Acc(L),Speed+Acc(G),IMR,EWMA,Median,Func_LP
0,0.05,0.5886424895858858,0.8892494051481722,0.5798041689193248,0.8333923512747875,0.8852486005926902,0.08949670954232725,0.30251467341554034,0.8393480791618161
1,0.1,0.7269608964097873,0.9270733764408209,0.6876391582273935,0.8655661474075796,0.9477130667724972,0.16343619165762133,0.47663630586740097,0.8672115833722559
2,0.15000000000000002,0.7898443394908197,0.9386012364760433,0.7305107007648922,0.8759175113596644,0.966085693536674,0.2250726621988422,0.5880161770966369,0.8766511390466467
3,0.2,0.8231411246112192,0.9473905218956209,0.7594710213483609,0.8862968722999828,0.9752648085685544,0.27868952288158816,0.6623826759094534,0.8864429862572737
4,0.25,0.8431113918406777,0.9514849793786758,0.7760807750591681,0.8906643560964798,0.9834811581960674,0.3240195374227841,0.7196710260213024,0.8906035388220086
5,0.3,0.8582990791192684,0.9536479802143446,0.7924735593121026,0.8944206154684096,0.9929834880887358,0.3685569494746409,0.7592663629824982,0.8927597491137169
6,0.35000000000000003,0.8715563760295371,0.9557571908175302,0.8022826058665834,0.9032384690873405,0.9932114552745414,0.4062425113826983,0.7908930540242558,0.9003803084724277
