,data_len,Speed(L),Speed(G),Speed+Acc(L),Speed+Acc(G),IMR,EWMA,Median,Func_LP
0,0.1,0.722451948847538,0.926154197340638,0.6862872864176078,0.8636470422402857,0.9473056273613044,0.16339226673163262,0.4752717741588966,0.8654962480532352
