data_len,Speed(L),Speed(G),speed+Acc(L),speed+Acc(G),IMR,EWMA,Median
5000,4.3705305,17.2987015,7.5013614,32.1856553,85.1211526,0.0574496,2.6941014
