,data_len,Speed(L),Speed(G),Speed+Acc(L),Speed+Acc(G),IMR,EWMA,Median,Func_LP
0,0.05,0.5872644762670123,0.7951120795190277,0.35896166171360144,0.961297012768722,0.2426575754888597,0.8192733666199115,0.6228200638385883,0.9533787039344647
1,0.1,0.5880738366749565,0.7971215169966461,0.3597630198322971,0.9628048489052765,0.2629667381033741,0.8419178718582314,0.6231901119625223,0.9553533266604196
2,0.15000000000000002,0.5864068726738715,0.7906618733896227,0.3583429932737785,0.9619438491078235,0.32717689558654783,0.8498104164874882,0.6131845884813092,0.953574081861217
3,0.2,0.5884270213379252,0.7926909235395855,0.36042784697634533,0.9605165650821561,0.3660623176905222,0.8541240925611487,0.6211142839421345,0.9523587329290418
4,0.25,0.5891564392965181,0.791438321269281,0.35920115925472695,0.9616244429527407,0.447308478380426,0.8597019787371504,0.6230044122574454,0.9511473393558716
5,0.3,0.5887087511978856,0.7919021772753391,0.35960009871791243,0.9587775125458227,0.48617725741380224,0.8610674165646377,0.621742565715952,0.9496273703092845
6,0.35000000000000003,0.5877678848441763,0.7908153648943215,0.359518187931961,0.9591940859536281,0.5801872351958507,0.8631526944105772,0.621271190408426,0.9498840243957916
