data_len,Speed(L),Speed(G),speed+Acc(L),speed+Acc(G),IMR,EWMA,Median
5000,2.033531839,0.568404429,4.400279393,0.516547339,1.393053004,1.248917219,0.813565484
