,data_len,Speed(L),Speed(G),Speed+Acc(L),Speed+Acc(G),IMR,EWMA,Median,Func_LP
0,20000.0,0.8104647597118588,0.8821651498546719,0.826722816511109,0.8762180206235726,0.6916525288712442,0.27937257120736125,0.5286966422734335,0.9027171305920122
