,data_len,Speed(L),Speed(G),Speed+Acc(L),Speed+Acc(G),IMR,EWMA,Median,Func_LP
0,0.05,0.991640866873065,0.8485036119711042,0.996078431372549,0.9715170278637771,0.5549019607843138,0.9880288957688339,0.5797729618163054,0.9672858617131063
1,0.1,0.9931788596719604,0.8585264254100494,0.9970320229107004,0.9692267638635772,0.49737047643842747,0.987867742775319,0.585837021608956,0.9667794845092423
2,0.15000000000000002,0.9925897309826508,0.8530940507129311,0.9961719463370092,0.9681112593945354,0.46719814567675777,0.9872164079511133,0.5821099950832338,0.9649504811406897
3,0.2,0.9929014844804318,0.852523616734143,0.9966801619433199,0.9690418353576248,0.4448313090418354,0.9881781376518218,0.5828609986504724,0.9662348178137652
4,0.25,0.9926507578905925,0.8527964303681183,0.9969596885321201,0.966797174041427,0.45838710382991754,0.986679498676699,0.5837616745773092,0.9644130449047442
5,0.3,0.9924468516266902,0.8524188497107696,0.9966287167016691,0.9680741313879371,0.43539294793854316,0.9860911536052467,0.5834162337423087,0.964960760473085
6,0.35000000000000003,0.9919031611610317,0.8511700820996833,0.9963313724222639,0.9668692223155989,0.5083715818734242,0.9863113323421036,0.5796593186372746,0.9642025987458789
