data_len,Func_LP,Func_MVC,EWMA,Speed(G),Speed+Acc(G),Median,IMR,Speed(L),Speed+Acc(L)
0.05,0.10226387074544617,0.07372682997699884,0.3702927056784452,0.3850934274003474,0.0804569929171134,0.6151492690952549,0.8722460627615557,0.9976145376534498,2.229299351046543
0.1,0.09789837859593098,0.07439997270655851,0.32462909807622203,0.38130828793708627,0.07991874406266038,0.6048502407053441,0.8521568687482013,0.9973773977534509,2.2328675564180753
0.15000000000000002,0.09618782733956115,0.07097397589832886,0.30143600281812566,0.38680715169051566,0.08144084474443664,0.6005762907526566,0.8104376998984729,0.9975006700847218,2.222888984135381
0.2,0.09497996902074707,0.07106268532209861,0.2940007871579607,0.38147349881903087,0.07990938798226635,0.5997161908005311,0.7577918880906455,0.9969414564420741,2.226642078074799
0.25,0.09295549786691512,0.06869228236005376,0.2787526052301653,0.3824608361077064,0.07757684926376661,0.5914521427473648,0.721710639099075,0.9967021700021217,2.2276512583194696
0.3,0.09865249546105083,0.07410059709565349,0.2837987770453867,0.3887372323956187,0.08364151062387136,0.5958905693578831,0.6510435198321584,0.9967661323581902,2.2294689282868374
0.35000000000000003,0.09898296850020119,0.07190445063296612,0.272754479978449,0.3913905634155892,0.07956083587316744,0.5936509929910677,0.5960771973305926,0.9970636919834595,2.2280147534929284
