error_ratio,Speed(L),Speed(G),speed+Acc(L),speed+Acc(G),IMR,EWMA,Median
0.05,1.808685225,0.467875045,3.966323307,0.494764574,1.054044255,1.130102865,0.777138616
