,data_len,Speed(L),Speed(G),Speed+Acc(L),Speed+Acc(G),IMR,EWMA,Median,Func_LP
0,0.35000000000000003,4.93687900000441,27.89708060025805,9.245265299989114,36.094574999966426,141.180525199994,0.06010920000335318,3.143674800001463,15.81992329996865
