,data_len,Speed(L),Speed(G),Speed+Acc(L),Speed+Acc(G),IMR,EWMA,Median,Func_LP
0,20000.0,0.9918753785783888,0.8532696004845803,0.997827289247057,0.8537304785230834,0.5287851254905059,0.9883068657659793,0.5869742698375076,0.9663954070211477
