,data_len,Speed(L),Speed(G),Speed+Acc(L),Speed+Acc(G),IMR,EWMA,Median,Func_LP
0,20000.0,17.955123099996854,108.40747229995031,23.81642919999649,118.74319699987973,488.016757399997,0.24156719998427434,12.599777200000972,74.45080420013983
