,data_len,Speed(L),Speed(G),Speed+Acc(L),Speed+Acc(G),IMR,EWMA,Median,Func_LP
0,0.05,3.37210419999883,25.638260599985188,6.99316810000073,29.53493029996025,76.9044055000004,0.053221400000438734,2.4389709999986735,12.705322800035901
1,0.1,3.4790235999998913,25.385366900098234,7.249068099999931,29.55785180003022,83.43594579999717,0.05355229999622679,2.4281110999945668,12.807772899990596
2,0.15000000000000002,3.5939997999994375,25.482072900035746,7.097244100001262,29.517474999994192,87.70439440000064,0.05451809999976831,2.4394886000009137,12.824977099933676
3,0.2,3.6460658999967563,25.360358799955975,7.132392799997433,29.634013099974254,91.2086735999992,0.05361350000021048,2.4235404999963066,12.999867899951823
4,0.25,3.6465170999981638,25.41288879998683,7.194585399996868,29.710360299978674,94.20201790000101,0.053464200003872975,2.4321926999955394,12.990771300064807
5,0.3,3.7401211000005787,25.572494500129324,7.243863699999565,29.95120449998649,100.55471409999973,0.05447460000141291,2.501985500000046,13.5759772000265
6,0.35000000000000003,3.9362232999992557,26.772074699995756,7.560085199997047,31.289446700032386,99.91037230000711,0.05375949999597651,2.45963970000048,13.45844040002794
