data_len,Speed(L),Speed(G),Speed+Acc(L),Speed+Acc(G),IMR,EWMA,Median,Func_LP
0.05,3.1790232000494143,24.711905200529145,6.529509399988456,28.50493820010888,69.38978750001843,0.051803100024699233,2.3952925999983563,29.671920099965064
0.1,3.280707899983099,24.938816099711403,6.641015499975765,28.677503799692204,73.88463990003947,0.051034999974945094,2.406849400009378,29.783048100078304
0.15000000000000002,3.3096733999846037,25.00070379859244,6.747894299973268,28.896691699475923,77.29746399997384,0.050941400026204064,2.418451199984702,29.904819300158124
0.2,3.3826349999799277,25.10540220027906,6.818345999978192,29.15447750021849,81.20032179998816,0.05151589996967232,2.3976558000213117,29.94143879992771
0.25,3.463850400003139,25.043132400751347,6.888813800003845,29.335702899988974,84.42849589999241,0.050809300009859726,2.385540499999479,30.14021849998244
0.3,3.5591260000146576,25.221334400761407,6.956587300010142,29.555836300278315,86.83291450001707,0.050639199987926986,2.4137700000210316,30.249690200012992
0.35000000000000003,3.595829500016407,25.39800059999834,7.048092699988047,29.69713060088543,89.900485199978,0.05040509997343179,2.394012099968677,30.49021719992743
