,data_len,Speed(L),Speed(G),Speed+Acc(L),Speed+Acc(G),IMR,EWMA,Median,Func_LP
0,20000.0,0.9987282193104098,0.3908233529761713,2.1977113754685007,0.3888972993354681,0.5090343044469493,0.32542994075735227,0.5955082692857867,0.09600623097630949
