,data_len,Speed(L),Speed(G),Speed+Acc(L),Speed+Acc(G),IMR,EWMA,Median,Func_LP
0,0.1,0.9915396741986338,0.8528113504992118,0.996216500262743,0.9658959537572255,0.5006831318970048,0.9868102995270626,0.581240147136101,0.9636889122438256
