,data_len,Speed(L),Speed(G),Speed+Acc(L),Speed+Acc(G),IMR,EWMA,Median,Func_LP
0,5000.0,0.9983427231427359,0.38485208569817897,2.201540599009352,0.3831023198056282,0.8653074412659565,0.3223986343835059,0.5902575100437918,0.09638711826689399
