,data_len,Speed(L),Speed(G),Speed+Acc(L),Speed+Acc(G),IMR,EWMA,Median,Func_LP
0,0.1,0.8358731283777797,0.8879708915820862,0.8127063059973421,0.9119142708307494,0.6551155115511551,0.28036308803989196,0.522941635345011,0.9119570352321043
