,data_len,Speed(L),Speed(G),Speed+Acc(L),Speed+Acc(G),IMR,EWMA,Median,Func_LP
0,0.1,0.9992194997203346,0.39306698794771866,2.22237757322051,0.08156116379968283,0.8460051771285513,0.3144852294151328,0.5943798582996525,0.10132743268519374
