,data_len,Speed(L),Speed(G),Speed+Acc(L),Speed+Acc(G),IMR,EWMA,Median,Func_LP
0,0.35000000000000003,0.9927851306799178,0.8536799018905188,0.9966075780018157,0.9686400050965964,0.49449726854285125,0.9878000222976093,0.5846592447481167,0.9659483651074267
