,data_len,Speed(L),Speed(G),Speed+Acc(L),Speed+Acc(G),IMR,EWMA,Median,Func_LP
0,0.35000000000000003,0.8686818010786405,0.9576216679768456,0.8008241934038932,0.8958974736687044,0.9953515211746226,0.4097365361238835,0.7981952598390955,0.8943961067689131
