,error_ratio,Speed(L),Speed(G),speed+Acc(L),speed+Acc(G),IMR,EWMA,Median
0,0.05,5.7510424,20.3684465,9.9467731,40.1492053,127.4112635,0.0691604,3.8005688
1,0.1,6.0928088,21.3439906,10.3085013,41.6615857,136.5598613,0.0733923,3.8239947
2,0.15,6.294984,21.679184,10.6091968,41.9567596,141.9996007,0.072046,3.7964604
3,0.2,6.2672543,21.7983696,10.7391975,40.7939827,145.9437522,0.0685747,3.6279494
4,0.25,6.1288256,21.069683,10.4396665,40.787105,152.9934533,0.0728786,3.707533
5,0.3,6.4456354,21.2884887,10.9192461,41.1248897,158.5169665,0.0724511,3.7379261
6,0.35,6.4567798,21.696795,10.5785825,41.6813532,161.2003254,0.0704702,3.693146
