,data_len,Speed(L),Speed(G),Speed+Acc(L),Speed+Acc(G),IMR,EWMA,Median,Func_LP
0,0.35000000000000003,0.9265965037459863,0.9026684293400922,0.8880531350231331,0.9308497612342354,0.6607363268780592,0.5792159884196026,0.6749404745488478,0.9287962204338538
