,data_len,Speed(L),Speed(G),Speed+Acc(L),Speed+Acc(G),IMR,EWMA,Median,Func_LP
0,0.35000000000000003,0.9969040072502194,0.39162017204961586,2.2344714260437923,0.08218375762265155,0.5843043418191185,0.2699599785923518,0.5853314749405569,0.10184794879390616
