,data_len,Speed(L),Speed(G),Speed+Acc(L),Speed+Acc(G),IMR,EWMA,Median,Func_LP
0,0.1,0.5870626894852553,0.7913930678303615,0.3605910999819214,0.9588355292865516,0.27864665379269926,0.8444215686014129,0.6188362555229691,0.9488075422455894
