,data_len,Speed(L),Speed(G),Speed+Acc(L),Speed+Acc(G),IMR,EWMA,Median,Func_LP
0,5000.0,0.9919627749576988,0.8530562605752962,0.9977791878172588,0.8541666666666666,0.497673434856176,0.9846129441624365,0.5812711505922166,0.9631979695431472
