data_len,Func_LP,Func_MVC,EWMA,Speed(G),Speed+Acc(G),Median,IMR,Speed(L),Speed+Acc(L)
0.05,0.9692597239648683,0.9739648682559598,0.9909033877038896,0.8549769970723546,0.9725010455876203,0.9860936846507737,0.5774780426599749,0.9940401505646174,0.9969677959012966
0.1,0.9654771959459459,0.9702280405405406,0.9857474662162162,0.8527238175675675,0.9688555743243243,0.9791490709459459,0.4938766891891892,0.9936127533783784,0.9973078547297297
0.15000000000000002,0.9676601600695325,0.9718972947524717,0.9884112555680296,0.8549596204686198,0.9686379603809799,0.982761742657444,0.4712273204649984,0.9915257306341216,0.9964871618440589
0.2,0.9679497503623772,0.973130402104472,0.988779728351318,0.857894454286788,0.9711708809792237,0.9817737692596769,0.46386965158103827,0.9926182423363934,0.9968593976485747
0.25,0.9651625530064152,0.9705556159617267,0.9876698923562031,0.8534304664564532,0.9687941720126128,0.9809068174404697,0.44490594759160595,0.9926280308796347,0.9966945743177122
0.3,0.9686936356609122,0.972632237641256,0.9885154783376892,0.8562594323996024,0.9714175286192808,0.9824971472742666,0.4654176022380094,0.992472485000184,0.9966503478484926
0.35000000000000003,0.9679028340080972,0.9728582995951417,0.9889068825910932,0.8543643724696356,0.9702834008097166,0.9820728744939271,0.4965991902834008,0.9934412955465587,0.996582995951417
