data_len,Speed(L),Speed(G),Speed+Acc(L),Speed+Acc(G),IMR,EWMA,Median,Func_LP
0.05,0.9989144356892886,0.38818266683744734,2.2243834351410494,0.07920810624495986,0.8796877088761925,0.3814261108745855,0.6195725483477698,0.0931385535861338
0.1,0.997898901299214,0.39169016420217867,2.2358149746272917,0.08426383242850792,0.8436881341649943,0.31011369949187384,0.5981151084323684,0.10269432960078201
0.15000000000000002,0.997011904398277,0.39122054603622625,2.2212457311738274,0.07942913502814537,0.8056512289385439,0.30353595411063616,0.5996573925596821,0.09992107426312245
0.2,0.9966500572377036,0.39168249788833237,2.2257886316894493,0.080437569219319,0.7568088506772073,0.2886707282986044,0.5988170807978129,0.10222218316387693
0.25,0.9970178054517054,0.3829228124105576,2.2321498869022216,0.08115791939168188,0.7113203661970106,0.2852560336830584,0.5949107313677559,0.10082935255691573
0.3,0.9969504558604613,0.39266465201487877,2.2246135291409574,0.07957893233041717,0.6402995899225168,0.2767875216185422,0.5934929229386673,0.09875336776817614
0.35000000000000003,0.996957229095494,0.39481759538467687,2.222761579008609,0.0797294555601147,0.5966387419799478,0.2727137784909276,0.5930575350717754,0.1037950048631868
