,data_len,Speed(L),Speed(G),Speed+Acc(L),Speed+Acc(G),IMR,EWMA,Median,Func_LP
0,5000.0,4.453379300004599,26.40989779998199,5.837583299999096,29.25057759993615,114.6928027000049,0.058624900004360825,3.117397300004086,13.9855502998671
