,error_ratio,Speed(L),Speed(G),speed+Acc(L),speed+Acc(G),IMR,EWMA,Median
0,0.05,0.458860828,0.89532678,0.746305931,0.892453799,0.674698795,0.154209465,0.250475269
1,0.1,0.625147754,0.915448019,0.817586207,0.913532839,0.657067347,0.264344339,0.404448726
2,0.15,0.709966658,0.918265771,0.850576249,0.919459071,0.632212702,0.353159768,0.513597577
3,0.2,0.759475028,0.923114491,0.867737818,0.924711231,0.636319202,0.418024752,0.585318738
4,0.25,0.79739381,0.925793999,0.875515561,0.926438537,0.653567735,0.477857146,0.645992837
5,0.3,0.821772266,0.928044456,0.888177282,0.930236237,0.659917617,0.530041997,0.691398717
6,0.35,0.84199064,0.93028103,0.894577303,0.932143849,0.666532997,0.565276107,0.725393026
