,data_len,Speed(L),Speed(G),Speed+Acc(L),Speed+Acc(G),IMR,EWMA,Median,Func_LP
0,0.05,0.7387560544322287,0.8683988170680186,0.7329612332460037,0.8971695415991614,0.6821872621162142,0.164126652152298,0.3975797034782916,0.8987869779929999
1,0.1,0.8394692251831966,0.8914841849148417,0.8139253150836327,0.9144681896339965,0.6523698948231116,0.2804704073562131,0.5256248540060734,0.9142927489843653
2,0.15000000000000002,0.8796862598627387,0.8938072634948669,0.8429044767692377,0.9197097339227625,0.6298172521541521,0.36657168752078345,0.5850481804383891,0.9186839641567474
3,0.2,0.9000868597154427,0.8974570251456173,0.8620552806050986,0.9258242112456323,0.6109844482752229,0.4347650544465687,0.6200826968356975,0.9246206495770646
4,0.25,0.9117904105598361,0.8994417274153362,0.8727620871230254,0.9271705158055923,0.6253207614728173,0.48783652988282633,0.6446306941693638,0.9260398836464449
5,0.3,0.9205112432506323,0.9001964942316296,0.8829030257531744,0.9297910363253534,0.6053558392992072,0.5365684957597385,0.6598258188182349,0.9274571949643217
6,0.35000000000000003,0.9278436233899741,0.9004368230738325,0.8888392277858678,0.9339713217444248,0.6725175580189637,0.5754629804246972,0.6689981907373211,0.9311991758884952
