,error_ratio,Speed(L),Speed(G),speed+Acc(L),speed+Acc(G),IMR,EWMA,Median
0,0.05,0.299257342,0.838975519,0.597301649,0.830692044,0.869387755,0.083596632,0.143322389
1,0.1,0.457494431,0.871903094,0.693703066,0.866962678,0.942073171,0.152536526,0.254208633
2,0.15,0.554941185,0.882186888,0.743096762,0.881583477,0.967837577,0.215084256,0.347238737
3,0.2,0.617669355,0.888543159,0.76924228,0.887889181,0.973867943,0.264905719,0.41551542
4,0.25,0.669146349,0.892344197,0.781447282,0.892009685,0.9817857,0.314972866,0.479625297
5,0.3,0.704378284,0.899768224,0.80198385,0.901136956,0.989930363,0.362146943,0.531917516
6,0.35,0.733722133,0.901525659,0.81228625,0.902713533,0.995465435,0.395844711,0.573260562
