data_len,Func_MVC,Func_LP,EWMA,Speed(G),Speed+Acc(G),Median,IMR,Speed(L),Speed+Acc(L)
5000.0,0.5278042244084771,0.4328621413575927,0.21738592803264498,0.8412809575348571,0.8508610281502192,0.3483251132175794,0.9684540437419091,0.8398176291793313,0.7984417194209571
10000.0,0.5582311433856272,0.4453917351062443,0.20650301001619953,0.8530308359713917,0.8639957673201846,0.34046590401216903,0.990575490011898,0.8507073627337141,0.8112425791556728
15000.0,0.5630821435578999,0.4409330903054108,0.19753027557928865,0.8396487895644758,0.8516875266400589,0.32775897055903447,0.9968302990897269,0.8406678217042054,0.802213660435925
20000.0,0.5553449551504269,0.4453703880680696,0.2005016732418987,0.8362724684485616,0.8473364268487046,0.32966254254454874,0.9987018850886105,0.837086538349982,0.7972754491017964
