data_len,Func_MVC,Func_LP,EWMA,Speed(G),Speed+Acc(G),Median,IMR,Speed(L),Speed+Acc(L)
0.05,0.38110765278395337,0.3654801228892841,0.2049157207746102,0.5542819171027494,0.5849559988850396,0.3051041428244449,0.6631159608556334,0.6469457738252252,0.6470424688955307
0.1,0.5159658754421628,0.5019601837672282,0.33766051941789105,0.6163122122341591,0.6486794363344865,0.46350919782693234,0.666969291177739,0.7014570922556755,0.7132088949040395
0.15000000000000002,0.5464431137724551,0.5429242892032625,0.4069137669210665,0.5959694063372587,0.6301638385020479,0.5225211901614797,0.6471556218568815,0.6784378778080805,0.6930721895057235
0.2,0.5908990818661382,0.5908715387685767,0.47685082653310384,0.6111059630264559,0.6457958444635692,0.5846497305619708,0.6508351403621871,0.7016551591663376,0.717352306855058
0.25,0.6112293311896093,0.6128462262202538,0.5266194123814254,0.6152620560609149,0.6495514172355864,0.6191305028064068,0.6680927573648057,0.7089000238606538,0.7268737394110528
0.3,0.6277294905409776,0.6310800498051975,0.5663088311617361,0.6180386303914641,0.6543297746144722,0.6485330320029058,0.6565726522261759,0.7087052345632006,0.7293996907266536
0.35000000000000003,0.637038586217714,0.6533685052906133,0.5905576671391597,0.6189800610817195,0.6567530566964075,0.664488345636172,0.6739673337806894,0.7108244300387921,0.7307755679911148
