data_len,Func_MVC,Func_LP,EWMA,Speed(G),Speed+Acc(G),Median,IMR,Speed(L),Speed+Acc(L)
5000.0,0.5088733256272523,0.5257360440606514,0.7172094920786021,0.44924185761882096,0.4552254028693819,0.6458829128986197,0.48323927381519005,0.5636091657034066,0.6131773985177127
10000.0,0.5578680724335057,0.5847739020299182,0.822544757470989,0.4981001608872762,0.5030979358504776,0.743196522096327,0.5414883784616438,0.6144353541231643,0.6735871016328348
15000.0,0.5537382381984722,0.5848495510936064,0.846441097351963,0.491697218028898,0.49895009250536304,0.7681463741302793,0.5568482344528564,0.6058136499324654,0.6688194499619763
20000.0,0.5710146166339003,0.5975211556543294,0.8588426361227456,0.5046585178220361,0.5135225232925891,0.787349346097957,0.6050089751260792,0.6167279254637148,0.682853235319258
