data_len,Func_MVC,Func_LP,EWMA,Speed(G),Speed+Acc(G),Median,IMR,Speed(L),Speed+Acc(L)
5000.0,0.7347836503753624,0.7330166191012174,0.5799320639877674,0.6832094136597662,0.6866048623975148,0.5407145352126523,0.6086779797168649,0.5465084409264025,0.35963707656240973
10000.0,0.7033865273361948,0.7122692274818616,0.6193054785749463,0.6879889709760205,0.6959322508920585,0.5589531473762521,0.7728419612378372,0.5399365690737984,0.36120478442123927
15000.0,0.6970881360131912,0.6985505181376042,0.6178910118634255,0.6824813919741295,0.6903286800466876,0.5651472198742856,0.7182418784847532,0.5481413832867215,0.3606461158914751
20000.0,0.6915520030987115,0.6928363834441167,0.6040831864578361,0.6814145123826825,0.684027122886671,0.555904393406403,0.7513238497087418,0.5338959195691182,0.35914424506318
