data_len,Func_MVC,Func_LP,EWMA,Speed(G),Speed+Acc(G),Median,IMR,Speed(L),Speed+Acc(L)
5000.0,0.5042231985528551,0.514619500435486,1.2306588893766497,0.5778595342431404,0.5743425664885378,0.8549059938014774,0.5632569406734484,1.0389795160631863,2.104759758796204
10000.0,0.5569575714964914,0.544693334919441,1.0295812318073039,0.5575473092177019,0.5448077899895489,0.7891421768850425,0.3703434362650276,1.0111515415942895,2.018379990776543
15000.0,0.582331328757337,0.5840302772024903,1.0463592909549935,0.5656380398747025,0.5536698571505286,0.7792244101362755,0.439687993553285,1.0000540215399274,2.043593800556224
20000.0,0.5949884278104353,0.5984268603262783,1.10362631818789,0.5668657942717019,0.5632327118799914,0.7996289935772336,0.39832872331029184,1.0150259309379663,2.016184144952045
