data_len,Func_MVC,Func_LP,EWMA,Speed(G),Speed+Acc(G),Median,IMR,Speed(L),Speed+Acc(L)
0.05,0.5159866220735786,0.5291638795986622,0.7046153846153846,0.4463545150501672,0.49130434782608695,0.6241471571906354,0.5121739130434783,0.574180602006689,0.6226755852842809
0.1,0.5567530224525044,0.5661139896373057,0.7497754749568221,0.4854922279792746,0.5310880829015544,0.6793091537132988,0.5075302245250431,0.6019689119170984,0.6553022452504318
0.15000000000000002,0.5242669362992922,0.541501976284585,0.7173683242945124,0.45123632686827836,0.4949673683242945,0.6495312069124001,0.4835003217207464,0.5545086864601526,0.6017556760731685
0.2,0.5390581330352152,0.555949552822806,0.7334055338177753,0.4607846562325321,0.504646450531023,0.6633070150922303,0.48496017328116264,0.5742558692006707,0.621681106763555
0.25,0.5393259989707785,0.5571565668507211,0.7300518783293231,0.4618979401660663,0.5055007719161602,0.6604681567198432,0.5038873975994103,0.5785059597490925,0.6265455708702485
0.3,0.5415919535452614,0.5597368514802105,0.7385733455249314,0.46223177494626594,0.5076415195164528,0.6679056180308985,0.4897103703791666,0.5746873923834178,0.6245383619717139
0.35000000000000003,0.5412111457179288,0.5759944814899977,0.7380798093605636,0.462844122995882,0.5089153201362905,0.6684713309224691,0.5091243546060745,0.5764648090470118,0.6257969439160518
