data_len,Func_MVC,Func_LP,EWMA,Speed(G),Speed+Acc(G),Median,IMR,Speed(L),Speed+Acc(L)
0.05,0.6550837129936883,0.6479364607917316,0.3539358639095327,0.6332571896497622,0.7035201618174777,0.4193121876271254,0.4688093848477629,0.4854244658723774,0.31905861563544613
0.1,0.7399799792993753,0.7375844524487849,0.5830639677350172,0.7086817020398783,0.7679675372647069,0.5380868365049953,0.5685910430808978,0.5407376503651559,0.35744065142357073
0.15000000000000002,0.7808748914583179,0.7791183791096398,0.6895414672274014,0.7285042907569199,0.7945690469621052,0.5871085826818434,0.7186726978599098,0.5626591556682717,0.35971589185347574
0.2,0.7694753459812521,0.7714189253961327,0.7012618081198754,0.7141942091111516,0.7815934959209542,0.582739186632433,0.7086940458901293,0.5599490231491002,0.3616333520830892
0.25,0.7744241425847066,0.741059816175106,0.735218126653323,0.7179088991137719,0.7843077081442094,0.5974295969117991,0.7829407142254295,0.5596124201763839,0.3681795848318522
0.3,0.7812209460682261,0.7802885690940689,0.7394749707957607,0.7163263520458631,0.7971599660279716,0.6063015058456944,0.7330841280130644,0.5611991373935441,0.3650912738253774
0.35000000000000003,0.7753975858783804,0.7726368431609028,0.7503218479775492,0.7129246247349305,0.7873170409597203,0.5994086421572229,0.7769914215176246,0.5579504517596956,0.3635142095478998
