data_len,Func_MVC,Func_LP,EWMA,Speed(G),Speed+Acc(G),Median,IMR,Speed(L),Speed+Acc(L)
0.05,83.19857490002323,97.8257481000328,0.07845670002279803,37.36278909914108,45.66118460021971,3.659201000009489,48.37169259999064,4.657791700003145,9.891549599989958
0.1,83.5182408000328,99.33534449987928,0.08199460002651904,39.13163740056916,46.40269670027192,3.6919991000031587,56.35933580001438,4.79029539997282,9.998037999983353
0.15000000000000002,85.60453889994096,100.15905229999044,0.07905930000561057,38.014222499092284,46.10207480016834,3.7475933999885456,60.14672840003186,4.866496200025722,10.23168749998149
0.2,83.85747030000493,97.71351669992146,0.07904300001973752,38.055466998957854,45.6188349004733,3.6629374000040116,62.92389120000735,4.89464530000987,10.132084999990184
0.25,85.04127300003893,97.74900990002061,0.08285189999151044,37.96060520062019,45.71592360039358,3.651757899977383,65.7748648999841,4.967608999970253,10.229199400033394
0.3,84.43292560004193,98.62377240008936,0.07882060002884828,38.0378795994402,46.16214249991026,3.6872649999641,70.28663689999667,5.130943000025582,10.394957499993325
0.35000000000000003,85.91858259997389,98.23286599996209,0.0790220999988378,38.002975200164656,46.25876400078414,3.772943399992073,73.07419370001298,5.134149600016826,10.463266599996132
