data_len,Func_MVC,Func_LP,EWMA,Speed(G),Speed+Acc(G),Median,IMR,Speed(L),Speed+Acc(L)
0.05,0.3021306595644681,0.2791362337249921,0.11989119424558688,0.7310473269062226,0.7227196693889599,0.20189977496970746,0.9402013752455796,0.740830240787089,0.6733940972222222
0.1,0.4807468607391058,0.4508665749656121,0.2178945360731602,0.8436374549819928,0.8331527040208085,0.35176274885077,0.9724667416771461,0.8403414022567268,0.7823415398573137
0.15000000000000002,0.5705782312925171,0.5443540935132138,0.28400520392659917,0.877390527256479,0.8669698921268717,0.43705834145134603,0.9782861393964756,0.8737055543486132,0.8170613747698836
0.2,0.6537720060165667,0.6304748321150532,0.3532717986688992,0.9069935359647916,0.8965645656828973,0.5226697131531135,0.98916877471764,0.9016977975259881,0.8478250512173043
0.25,0.7052543513449612,0.680904949687245,0.41185424643776286,0.9210927749271945,0.9084206053637931,0.5826625766871165,0.9910548200021885,0.9151796519175339,0.8654588768707614
0.3,0.7464484451718494,0.7232664835586381,0.4592042408983853,0.9322906687104809,0.9202436819219012,0.6302525716590843,0.9959186630602782,0.9242389519116917,0.8765792193073102
0.35000000000000003,0.7741019239681282,0.7547557418135503,0.49218352511517366,0.9340842456073741,0.9256506282911621,0.6605525432481281,0.9966649616368286,0.9268501714055253,0.878074176186775
