data_len,Func_MVC,Func_LP,EWMA,Speed(G),Speed+Acc(G),Median,IMR,Speed(L),Speed+Acc(L)
0.05,0.7405303677013108,0.7719192948278554,3.0658240660936364,0.7186408584682111,0.5926547250153066,1.3791863907135697,0.697156716615374,1.2506983367385953,2.284941679182964
0.1,0.49771298777484957,0.5061495249839248,1.2035114773075752,0.5366224162287289,0.43232913996437994,0.8542805747944016,0.6033295181756446,1.042949538785185,2.0812819018651085
0.15000000000000002,0.4123467638386371,0.41735443389070925,0.7713834416265719,0.4969083203745068,0.38111373720989666,0.720042972489733,0.43931761393523494,1.0050456466438429,2.1331193480027504
0.2,0.42700306525070947,0.42544694761652824,0.7186038932228213,0.5110110234424523,0.39983136156203225,0.712739900233364,0.45129917198511693,0.9790892337369196,2.016210084900235
0.25,0.413508664396156,0.4918163898456356,0.6066020668942956,0.5016752634342052,0.39121574896416783,0.6756845386719542,0.3567502090440878,0.9727377020171164,2.011022997134478
0.3,0.40204889851745346,0.4049774523551234,0.5959076027235292,0.5070080931515496,0.36895897582008286,0.6643561034698714,0.4214169416599498,0.9811871655005168,2.058253772955459
0.35000000000000003,0.40962425850087836,0.4171797488033927,0.5606799760816846,0.5101915425745275,0.3855515657266789,0.6680123773867478,0.364721242381708,0.9776454416841235,2.034109623124485
