data_len,Func_MVC,Func_LP,EWMA,Speed(G),Speed+Acc(G),Median,IMR,Speed(L),Speed+Acc(L)
5000.0,0.518165925259204,0.4748000429850013,0.3336443720444732,0.5857139691052946,0.5931208611104959,0.4525757846465368,0.6447574334898278,0.674533100052895,0.6936522892910024
10000.0,0.5580495488554453,0.5056535638171916,0.3301264988030184,0.6289468565624258,0.6359103053641546,0.46699612288465997,0.7002124739940683,0.7135204968944099,0.7360339636050796
15000.0,0.558371102870485,0.5027956401674456,0.320310973187153,0.6202038712633146,0.629257713807196,0.4594682671156614,0.7145405952563011,0.7041749948876268,0.7294684196192033
20000.0,0.5630707894858837,0.5103468919170495,0.3251056036679377,0.6294612157429273,0.6394877881324811,0.4647391669588777,0.7535318478457592,0.7102070547240665,0.7356416041254201
