data_len,Func_MVC,Func_LP,EWMA,Speed(G),Speed+Acc(G),Median,IMR,Speed(L),Speed+Acc(L)
5000.0,87.4361964998825,105.36148259995389,0.10350829985691234,38.79631510263425,42.66264080576366,4.920208400028059,86.7737366000074,6.440814500034321,8.22120149989496
10000.0,171.22815759951482,212.301306999987,0.20685819996288046,77.92340490411152,85.20105420594336,9.880364999902667,214.35068809986115,12.76541230006842,16.477759400004288
15000.0,265.07703370024683,320.65979439989314,0.3154317000589799,116.81813740971847,127.58924359071534,14.654873900173698,333.3403829000017,19.219537000055425,24.856697599985637
20000.0,349.86391600006027,428.70975680064294,0.4200678000925109,155.63558719304274,170.3697979087301,19.515504899958614,452.22046400015824,25.705218399845762,32.88372130008065
