data_len,Func_MVC,Func_LP,EWMA,Speed(G),Speed+Acc(G),Median,IMR,Speed(L),Speed+Acc(L)
0.05,0.9740716287358778,0.9733827228417148,0.9545475044759767,0.9783833385427122,0.9826571615016991,0.9569492176764335,0.974219614534551,0.9799945323816575,0.9777968384640735
0.1,0.9578749576736106,0.9575739924872907,0.9136911689851802,0.9634968511933768,0.9711190409190936,0.9220099730964989,0.9505881370624147,0.9678516013947409,0.964597917797887
0.15000000000000002,0.9484634686265385,0.9483553679937834,0.8815673184118102,0.9530062707454698,0.9636910957892507,0.8981042940421925,0.9293116863492715,0.9624716075523779,0.9571492745669398
0.2,0.9407892900327933,0.9432700126133762,0.853496099041059,0.9433454511956259,0.9572459314312953,0.8785257358849661,0.9091962450195549,0.95775088414138,0.9498739464490817
0.25,0.9299850762056727,0.9309046828177672,0.8312782131025069,0.9318763895431313,0.9483106545142386,0.8634449733977514,0.9013977758751159,0.9507292688879814,0.9422605085409577
0.3,0.9290847204793466,0.929339962165854,0.8134263233271403,0.9266612483663583,0.9449176767792918,0.8551639529008184,0.8837297086456902,0.9513430408896628,0.9343884018052457
0.35000000000000003,0.9244590454800575,0.925458978625797,0.7971497973453207,0.9180281780381182,0.93926084798451,0.8458183904722812,0.8681634402618736,0.946937495641226,0.9294764311126035
