data_len,Func_MVC,Func_LP,EWMA,Speed(G),Speed+Acc(G),Median,IMR,Speed(L),Speed+Acc(L)
7000.0,0.8937081817114685,0.8941777203897171,0.9640802911139805,0.792757365888015,0.804084986500763,0.9419532809015143,0.5245333959384905,0.9238760417889423,0.9752905270571663
14000.0,0.9045296986076024,0.9062334762939898,0.9690969978262147,0.8001292521003466,0.8116444392221374,0.953292991011104,0.48913107337994244,0.9330532871159156,0.9793196639445391
21000.0,0.8981620734779976,0.8996269458387859,0.968925174319811,0.7983749682610989,0.8092345553624094,0.9528115783511397,0.5678235903044981,0.92706888806422,0.9762690677552296
28000.0,0.8974115377307473,0.8976015434309184,0.9693506189801079,0.7983454888262033,0.8083573276429062,0.9517531679796548,0.6468378666744617,0.9284263143278914,0.9779008754878031
