data_len,Func_MVC,Func_LP,EWMA,Speed(G),Speed+Acc(G),Median,IMR,Speed(L),Speed+Acc(L)
7000.0,0.6508655695661466,0.6257958513041693,0.1810366680259663,0.8350024727992087,0.8346024977155041,0.2783288821060664,0.9765078671328671,0.7558340535868626,0.7217565043652
14000.0,0.6842058483690339,0.662756724241643,0.18167299961451622,0.8402381466514484,0.8382888349514563,0.2787469614588433,0.9923122765196662,0.7623973885075128,0.7258594787606959
21000.0,0.6840766415756746,0.6620669828949259,0.1831263035493457,0.8399983560067403,0.8391631053409758,0.2797864164535037,0.9978719022447999,0.7608887321460059,0.725330856744834
28000.0,0.6783256183921252,0.6530449484799183,0.183625892906584,0.8419576107899808,0.8397024216199802,0.2804972604155898,0.9990518759311933,0.7630453584470498,0.728755037577606
