data_len,Func_MVC,Func_LP,EWMA,Speed(G),Speed+Acc(G),Median,IMR,Speed(L),Speed+Acc(L)
0.05,0.9628335898621515,0.9615256359362928,0.6809998181266296,0.9775527599736749,0.9796130936712175,0.8198762474277157,0.9726866015437814,0.9732240307087168,0.9661121124785995
0.1,0.9514224726796411,0.9508301496255688,0.6470165948005496,0.9637836751693967,0.9698960186249634,0.8000913805892218,0.9433083784553011,0.9641088303743561,0.9538250335266343
0.15000000000000002,0.9439251768238546,0.9440746031050086,0.6262808036227632,0.9532433527980715,0.9630444343721672,0.7908719393566325,0.9152789560999407,0.9601720340782905,0.947621062897139
0.2,0.9379984207680602,0.940929369532668,0.6123892532005522,0.9431477609747473,0.9569325574115685,0.7831658716458156,0.8868757175128984,0.9562609606486466,0.9406460324237143
0.25,0.9280146053194755,0.9290757970076413,0.6083138959880389,0.9308319626655923,0.9481621110813047,0.7817580649824994,0.8758312941321978,0.949859005686656,0.9334062179341237
0.3,0.9271928058860586,0.9276339299616043,0.5930369845048801,0.9251868614492753,0.9446576191157613,0.7781812867418155,0.8480815927867473,0.9503806024084219,0.9233676967156588
0.35000000000000003,0.92329249791757,0.9245340529532434,0.5851326208410661,0.915415756340493,0.9391883063971224,0.7756238805292431,0.8193555354666311,0.9463585713417846,0.9193241058472186
