data_len,Func_MVC,Func_LP,EWMA,Speed(G),Speed+Acc(G),Median,IMR,Speed(L),Speed+Acc(L)
7000.0,0.07541818177778824,0.09131453554642832,0.3451548438012337,0.38557585812737794,0.38571768924538,0.6058493146144941,0.5816826203835522,0.9999400138737667,2.1753121905087323
14000.0,0.0737037706864015,0.09426807080114363,0.3385628296664834,0.3845928130082765,0.3848585914798878,0.602481582090778,0.5173823693196523,0.997356431148777,2.1985489934129228
21000.0,0.07379776884098838,0.09865337411095734,0.3411275003629937,0.3824728048168172,0.38232444635555557,0.6018967693319994,0.42214470490731004,0.9978299054835069,2.207956739140015
28000.0,0.07731916750053842,0.10608203148096913,0.35176464101891625,0.3861562972246459,0.3862947098466577,0.6103367091251365,0.35810099112976934,0.9981616905906068,2.18883724927068
