data_len,Func_MVC,Func_LP,EWMA,Speed(G),Speed+Acc(G),Median,IMR,Speed(L),Speed+Acc(L)
0.05,0.07659224679067878,0.10829657174934484,0.40673194462505285,0.41084627784798705,0.07349155364616174,0.6131668009820395,0.7686065442692286,0.9974133171468801,2.2453515190952498
0.1,0.06598274026925244,0.1170099781945865,0.3389749943336332,0.3805896624383788,0.08169777571886642,0.6074540865286552,0.6451491146798305,0.9981540895534436,2.220586297361636
0.15000000000000002,0.0806536983649874,0.1174307106120362,0.3295442003152949,0.4092949798323767,0.09412588584634332,0.6092817884134438,0.5278580367051486,0.9981849045224114,2.2229622393846635
0.2,0.07896902935286337,0.10548658890332728,0.29731932237278264,0.40137220530892115,0.07699489627100899,0.5947344243924879,0.6090179825819093,0.9973294674434706,2.2254995484801636
0.25,0.07365092776795845,0.10157527823877856,0.29579172043134755,0.3962871144504693,0.0802590734010544,0.5982941817073266,0.5422949324224898,0.9966486900941105,2.2264943419633227
0.3,0.06260104725497996,0.5859472640126184,0.2726125378406427,0.387650371949119,0.07352498904352882,0.5919260838030985,0.47177004008622053,0.9978301145381637,2.2258072618915876
0.35000000000000003,0.0721309759459449,0.09332266676516214,0.2806166684045884,0.3938238006315497,0.07088000472812726,0.5887097388954479,0.477236601928868,0.9972251858874838,2.236231709975226
