data_len,Func_MVC,Func_LP,EWMA,Speed(G),Speed+Acc(G),Median,IMR,Speed(L),Speed+Acc(L)
7000.0,25.914492499636253,30.85205000001588,0.06042690001777373,23.039044202392688,25.367679096845677,2.8816504999704193,85.32904700000654,3.8559310000564437,4.909833799989428
14000.0,52.28256679989863,63.06955559956259,0.12140849995194003,46.13336589941173,50.72470259285183,5.707343400019454,206.653322300117,7.683220100065228,9.758962600142695
21000.0,80.2507795006386,95.87425649975194,0.18005709996214136,68.57809630347765,75.59161948878318,8.68432789988583,318.7365934999252,11.55212860001484,14.733812699996633
28000.0,108.25387800022145,127.55617579934187,0.24209370007156394,91.36458100928576,101.38367429780192,11.343868500029203,424.3941088000429,15.26146810001228,19.537038699927507
