data_len,Func_MVC,Func_LP,EWMA,Speed(G),Speed+Acc(G),Median,IMR,Speed(L),Speed+Acc(L)
0.05,0.9616721779313542,0.9457751733178218,0.8067806303898933,0.7811529674465738,0.9629631047436504,0.6193181679984889,0.38204887018991607,0.5904302536552848,0.3576827126348562
0.1,0.9669122648781561,0.9411604657806585,0.833950412666008,0.798264402255612,0.9587877662211832,0.6212540572557085,0.5255404571433715,0.5871549422495261,0.3576974305146837
0.15000000000000002,0.959465171543488,0.940810199629808,0.8369659064783391,0.7816155637374227,0.95244916087952,0.6176844875491397,0.6420142334499304,0.5871433187106903,0.35990678753393734
0.2,0.9603025000993587,0.9468726316304539,0.8516149897383255,0.7861557903131833,0.9611654520034925,0.6273091640499924,0.56248360726591,0.5881108884403485,0.36031332204140376
0.25,0.9629972857784245,0.948811759322107,0.8518716739705603,0.7890046373427939,0.9595197241763106,0.6239270687723907,0.6281682947740514,0.589063256125113,0.36242470987415343
0.3,0.9685549033540842,0.7631798695926699,0.8632416417345496,0.7939275785710087,0.9629490707975664,0.6285062110024686,0.6913825134074922,0.5867102414292427,0.35801158347654705
0.35000000000000003,0.9637435314418313,0.9530007624124172,0.8588763515227558,0.7910412781228171,0.964307521193708,0.630621562353932,0.686638295741927,0.5881677808966389,0.3567157118749983
