data_len,Func_MVC,Func_LP,EWMA,Speed(G),Speed+Acc(G),Median,IMR,Speed(L),Speed+Acc(L)
7000.0,0.9621950337629832,0.954190342115336,0.8322765293908219,0.7951693868970968,0.7951867114152849,0.6223580004339107,0.5905109714698469,0.58553849527592,0.37147569006975045
14000.0,0.9630351115515433,0.9527102532421813,0.8350344855484808,0.7960153664213057,0.7959694383042522,0.6246428556736766,0.6511324710479154,0.5899336946061391,0.3728467845739467
21000.0,0.9629830855606234,0.9505026446780844,0.8341504657608723,0.7975232071053502,0.7976948898941019,0.6255673495570504,0.7324732425613454,0.5899024278530831,0.3714401139875395
28000.0,0.9611975157808458,0.9467219130357625,0.8286241473199117,0.7951078182287168,0.7951327432327585,0.619818429311917,0.7819028088055953,0.5882555275789345,0.37189641913514737
