data_len,Func_MVC,Func_LP,EWMA,Speed(G),Speed+Acc(G),Median,IMR,Speed(L),Speed+Acc(L)
7000.0,0.7531966463037618,0.736292680569316,0.30483154095257536,0.8133317275847534,0.819059576121723,0.42969210174029454,0.6824742268041237,0.8314493978449186,0.8295848830533437
14000.0,0.7790906560736787,0.7656036729122719,0.30598426949617874,0.8196933447689552,0.8247514999552252,0.43136186304938756,0.6552674038802093,0.8391366374299905,0.8337522351852548
21000.0,0.776635900727067,0.7627785276022822,0.30803430054580344,0.8186579345289953,0.823927136777632,0.4325558506275576,0.7237872356316832,0.8357985560838176,0.8322967921339429
28000.0,0.7726380429858559,0.7560384094546351,0.3087623574542771,0.8195717736732336,0.8237317923207531,0.43329529462256844,0.7852586566356449,0.8376509062617444,0.8351422027223536
