data_len,Func_MVC,Func_LP,EWMA,Speed(G),Speed+Acc(G),Median,IMR,Speed(L),Speed+Acc(L)
0.05,17.643541900020864,20.414160099986475,0.032574600001680665,16.125349999978425,18.46981300002699,1.5091398999993544,30.93263979999938,2.052207600003385,4.258589299999585
0.1,17.41306269999768,20.21334240000033,0.03203609999582113,16.126240000163307,18.62331000012091,1.5344339999955992,35.51373269999203,2.1481959000029747,4.333757099995637
0.15000000000000002,17.58627259999048,20.19925160000639,0.03287030000501545,16.197917799992865,19.168582599941146,1.5164951000097062,41.5299990999938,2.18906749999951,4.449121200001173
0.2,17.993492000001424,20.533913399989615,0.03281539999443339,16.32998439991752,19.313242299904232,1.512745600000926,44.6624776000026,2.1874922000006336,4.445517199999813
0.25,18.117848999983835,20.383023900010812,0.03300380000837322,16.382969500009494,19.14922680010386,1.5270744999997987,48.69233980000172,2.2935211999993044,4.5223710000027495
0.3,18.09111129998928,20.52541269998983,0.032660400001987,16.313350299813465,19.44456610006091,1.5652381000018067,52.07211429999916,2.298884400004681,4.569909800004098
0.35000000000000003,18.22343650001494,20.42156939999768,0.033153200000015204,16.411846599885394,19.579817800109595,1.5501338000067335,54.19060250000621,2.3517320999999356,4.596239100003004
