data_len,Func_MVC,Func_LP,EWMA,Speed(G),Speed+Acc(G),Median,IMR,Speed(L),Speed+Acc(L)
5000.0,0.9103645602091658,0.913079079923575,0.27679452983392033,0.8818457867910204,0.8824248350036665,0.5698195785575466,0.6637925181614501,0.883138096793765,0.8540557539816249
10000.0,0.9085633141939865,0.912246577392085,0.2744023246598864,0.8830113566647125,0.8837317179655098,0.5669315403422983,0.5996778680723333,0.8780698477915772,0.8512751224455328
15000.0,0.912925271256332,0.9154569455896192,0.27513398428896557,0.8828188870519412,0.8840760163229694,0.5644668097687416,0.626073999303027,0.8741069495561811,0.8516822318007663
20000.0,0.8993935548424097,0.9017042033740033,0.27829743874762636,0.8767234223472962,0.8775043046693002,0.5631779857804695,0.692531973268885,0.858040572846702,0.8365971249213932
