data_len,Func_MVC,Func_LP,EWMA,Speed(G),Speed+Acc(G),Median,IMR,Speed(L),Speed+Acc(L)
5000.0,0.9688156236875263,0.9659281814363713,0.9860877782444352,0.8537904241915162,0.8528454430911382,0.9774254514909702,0.5132822343553128,0.993437631247375,0.998005039899202
10000.0,0.9717379820390913,0.966244057052298,0.9877179080824089,0.8553618594823033,0.8554410987849974,0.9799260433174855,0.43269941891178026,0.9934759640781827,0.9984944532488114
15000.0,0.9694273328770249,0.964548342371751,0.9865740009477176,0.852822969866091,0.8535951841906667,0.9784130995629969,0.4571859807999438,0.9920321521964233,0.9987188262342267
20000.0,0.9701867768812604,0.9659615916180748,0.988627538730865,0.8549879562476143,0.8552643702367947,0.9816382135758757,0.529925104971503,0.9920892948810762,0.9981177523593908
