data_len,Func_LP,Func_MVC,EWMA,Speed(G),Speed+Acc(G),Median,IMR,Speed(L),Speed+Acc(L)
0.05,0.836491608012994,0.8273381294964028,0.08925325623228261,0.879247311827957,0.8345446388515029,0.26141308867145274,0.8952828659426163,0.6785382913425166,0.5793535058937902
0.1,0.8661678348172003,0.8600037432154221,0.1608801281940831,0.913739464901861,0.8648572236358496,0.4026089598888696,0.948788155359497,0.7939848989749863,0.6852489935076711
0.15000000000000002,0.8821975699947174,0.8716990937733459,0.2198636978797448,0.9292658925408385,0.8795462019072674,0.4986677447215127,0.9590919142035822,0.8431571815718157,0.7382881674268849
0.2,0.8830227489776428,0.874472344839231,0.2774296559619208,0.9315339998251188,0.8840129987538788,0.5620092502957943,0.9748956335326638,0.866120154584846,0.7514264902270245
0.25,0.8912427960400812,0.8803305850329401,0.3269857954340924,0.9388082195057771,0.8909821803563929,0.6186923066372227,0.9862135454326344,0.8888845614581711,0.7806942835729372
0.3,0.8888157117044092,0.8817974003437287,0.3676979003361379,0.9380784353261418,0.8887336038660358,0.6485760800894202,0.9928543384373774,0.8963448080982697,0.7803106717772846
0.35000000000000003,0.8988750526379113,0.8874215230076077,0.4042995517713968,0.942392197492051,0.8993815485304272,0.6799457326097681,0.9955845589428914,0.9057420012107074,0.7980159502042404
